city,url,name
Bergamo,https://www.international-schools-database.com/in/bergamo/international-school-of-bergamo,International School of Bergamo
Bergamo,https://www.international-schools-database.com/in/milan,"Milan, Italy"
Bergamo,https://www.international-schools-database.com/in/milan/american-school-of-milan,American School of Milan
Bergamo,https://www.international-schools-database.com/in/milan/american-school-of-milan,"IB and American curriculum, Ages 3 to 18"
Bergamo,https://www.international-schools-database.com/in/milan/american-school-of-milan/fees,"Yearly fees from €13,450 to €23,950"
Bergamo,https://www.international-schools-database.com/in/milan/collegio-san-carlo-milan,Collegio San Carlo
Bergamo,https://www.international-schools-database.com/in/milan/collegio-san-carlo-milan,"IB, Catholic, and Italian curriculum, Ages 3 to 18"
Bergamo,https://www.international-schools-database.com/in/milan/schweizer-schule-mailland-milan,Schweizer Schule Mailland
Bergamo,https://www.international-schools-database.com/in/milan/schweizer-schule-mailland-milan,"Swiss and Italian curriculum, Ages 3 to 18"
Bergamo,https://www.international-schools-database.com/in/milan/schweizer-schule-mailland-milan/fees,"Yearly fees from €5,650 to €7,450"
Bergamo,https://www.international-schools-database.com/in/milan,... and 21 others.
Bergamo,https://www.international-schools-database.com/in/como,"Como, Italy"
Bergamo,https://www.international-schools-database.com/in/como/international-school-of-como,International School of Como
Bergamo,https://www.international-schools-database.com/in/como/international-school-of-como,"IB curriculum, Ages 3 to 18"
Bergamo,https://www.international-schools-database.com/in/como/international-school-of-como/fees,"Yearly fees from €13,000 to €23,235"
Bergamo,https://www.international-schools-database.com/in/como/english-gate-school-como,English Gate School
Bergamo,https://www.international-schools-database.com/in/como/english-gate-school-como,"International and Italian curriculum, Ages 1 to 14"
Bergamo,https://www.international-schools-database.com/in/brescia,"Brescia, Italy"
Bergamo,https://www.international-schools-database.com/in/brescia/lonati-anglo-american-school-brescia,Lonati Anglo-American School
Bergamo,https://www.international-schools-database.com/in/brescia/lonati-anglo-american-school-brescia,"IB curriculum, Ages 3 to 18"
Bergamo,https://www.international-schools-database.com/in/brescia/lonati-anglo-american-school-brescia/fees,"Yearly fees from €10,650 to €15,500"
Bergamo,https://www.international-schools-database.com/in/brescia/international-school-brescia,International School Brescia
Bergamo,https://www.international-schools-database.com/in/brescia/international-school-brescia,"IB curriculum, Ages 3 to 18"
Bergamo,https://www.international-schools-database.com/in/brescia/international-school-brescia/fees,"Yearly fees from €10,900 to €18,950"
Bergamo,https://www.international-schools-database.com/in/lugano,"Lugano, Switzerland"
Bergamo,https://www.international-schools-database.com/in/lugano/gis-the-international-school-of-lugano,GIS The International School of Lugano
Bergamo,https://www.international-schools-database.com/in/lugano/gis-the-international-school-of-lugano,"International, Swiss, and Montessori curriculum, Ages 3 to 16"
Bergamo,https://www.international-schools-database.com/in/lugano/gis-the-international-school-of-lugano/fees,"Yearly fees from €19,887 to €25,523"
Bergamo,https://www.international-schools-database.com/in/lugano/international-school-of-ticino-lugano,International School of Ticino
Bergamo,https://www.international-schools-database.com/in/lugano/international-school-of-ticino-lugano,"IB curriculum, Ages 3 to 18"
Bergamo,https://www.international-schools-database.com/in/lugano/international-school-of-ticino-lugano/fees,"Yearly fees from €23,880 to €32,092"
Bergamo,https://www.international-schools-database.com/in/lugano/tasis-the-american-school-in-switzerland-lugano,TASIS The American School in Switzerland
Bergamo,https://www.international-schools-database.com/in/lugano/tasis-the-american-school-in-switzerland-lugano,"IB and American curriculum, Ages 3 to 18"
Bergamo,https://www.international-schools-database.com/in/lugano/tasis-the-american-school-in-switzerland-lugano/fees,"Yearly fees from €29,792 to €57,987"
Bergamo,https://www.international-schools-database.com/in/abu-dhabi,Abu Dhabi
Bergamo,https://www.international-schools-database.com/in/addis-ababa,Addis Ababa
Bergamo,https://www.international-schools-database.com/in/algarve,Algarve
Bergamo,https://www.international-schools-database.com/in/alicante-costa-blanca,Alicante - Costa Blanca
Bergamo,https://www.international-schools-database.com/in/almaty,Almaty
Bergamo,https://www.international-schools-database.com/in/amman,Amman
Bergamo,https://www.international-schools-database.com/in/amsterdam,Amsterdam
Bergamo,https://www.international-schools-database.com/in/athens-greece,Athens
Bergamo,https://www.international-schools-database.com/in/baku,Baku
Bergamo,https://www.international-schools-database.com/in/bali,Bali
Bergamo,https://www.international-schools-database.com/in/bandung,Bandung
Bergamo,https://www.international-schools-database.com/in/bangkok,Bangkok
Bergamo,https://www.international-schools-database.com/in/barcelona-spain,Barcelona
Bergamo,https://www.international-schools-database.com/in/basel,Basel
Bergamo,https://www.international-schools-database.com/in/beijing,Beijing
Bergamo,https://www.international-schools-database.com/in/belgrade,Belgrade
Bergamo,https://www.international-schools-database.com/in/berlin,Berlin
Bergamo,https://www.international-schools-database.com/in/bogota,Bogotá
Bergamo,https://www.international-schools-database.com/in/boston,"Boston, Massachusetts"
Bergamo,https://www.international-schools-database.com/in/bratislava,Bratislava
Bergamo,https://www.international-schools-database.com/in/brunei,Brunei
Bergamo,https://www.international-schools-database.com/in/brussels,Brussels
Bergamo,https://www.international-schools-database.com/in/bucharest,Bucharest
Bergamo,https://www.international-schools-database.com/in/budapest,Budapest
Bergamo,https://www.international-schools-database.com/in/buenos-aires,Buenos Aires
Bergamo,https://www.international-schools-database.com/in/cairo,Cairo
Bergamo,https://www.international-schools-database.com/in/cape-town,Cape Town
Bergamo,https://www.international-schools-database.com/in/casablanca,Casablanca
Bergamo,https://www.international-schools-database.com/in/chiang-mai,Chiang Mai
Bergamo,https://www.international-schools-database.com/in/chicago,Chicago
Bergamo,https://www.international-schools-database.com/in/copenhagen,Copenhagen
Bergamo,https://www.international-schools-database.com/in/doha,Doha
Bergamo,https://www.international-schools-database.com/in/dubai,Dubai-Sharjah-Ajman
Bergamo,https://www.international-schools-database.com/in/dublin,Dublin
Bergamo,https://www.international-schools-database.com/in/dusseldorf-cologne-bonn,Dusseldorf-Cologne-Bonn
Bergamo,https://www.international-schools-database.com/in/frankfurt-am-main,Frankfurt am Main
Bergamo,https://www.international-schools-database.com/in/french-riviera-cote-d'azur,French Riviera - Côte d'Azur
Bergamo,https://www.international-schools-database.com/in/geneva,Geneva
Bergamo,https://www.international-schools-database.com/in/guangzhou,Guangzhou
Bergamo,https://www.international-schools-database.com/in/hamburg,Hamburg
Bergamo,https://www.international-schools-database.com/in/hangzhou,Hangzhou
Bergamo,https://www.international-schools-database.com/in/hanoi,Hanoi
Bergamo,https://www.international-schools-database.com/in/ho-chi-minh-city,Ho Chi Minh City
Bergamo,https://www.international-schools-database.com/in/hong-kong,Hong Kong
Bergamo,https://www.international-schools-database.com/in/ipoh-perak,Ipoh - Perak
Bergamo,https://www.international-schools-database.com/in/istanbul,Istanbul
Bergamo,https://www.international-schools-database.com/in/jakarta,Jakarta
Bergamo,https://www.international-schools-database.com/in/jeju,Jeju
Bergamo,https://www.international-schools-database.com/in/johannesburg,Johannesburg
Bergamo,https://www.international-schools-database.com/in/johor-bahru,Johor Bahru
Bergamo,https://www.international-schools-database.com/in/kampala,Kampala
Bergamo,https://www.international-schools-database.com/in/koh-samui,Koh Samui
Bergamo,https://www.international-schools-database.com/in/kuala-lumpur,Kuala Lumpur
Bergamo,https://www.international-schools-database.com/in/kuwait,Kuwait City
Bergamo,https://www.international-schools-database.com/in/kyoto-osaka-kobe,Kyoto-Osaka-Kobe
Bergamo,https://www.international-schools-database.com/in/lagos,Lagos
Bergamo,https://www.international-schools-database.com/in/las-palmas-gran-canaria,Las Palmas - Gran Canaria
Bergamo,https://www.international-schools-database.com/in/lausanne,Lausanne - Vaud
Bergamo,https://www.international-schools-database.com/in/lima,Lima
Bergamo,https://www.international-schools-database.com/in/limassol,Limassol
Bergamo,https://www.international-schools-database.com/in/lisbon,Lisbon
Bergamo,https://www.international-schools-database.com/in/ljubljana,Ljubljana
Bergamo,https://www.international-schools-database.com/in/london,London
Bergamo,https://www.international-schools-database.com/in/luxembourg,Luxembourg
Bergamo,https://www.international-schools-database.com/in/lyon,Lyon
Bergamo,https://www.international-schools-database.com/in/madrid,Madrid
Bergamo,https://www.international-schools-database.com/in/malaga-costa-del-sol,Malaga - Costa del Sol
Bergamo,https://www.international-schools-database.com/in/mallorca,Mallorca
Bergamo,https://www.international-schools-database.com/in/manama,Manama
Bergamo,https://www.international-schools-database.com/in/manila,Manila
Bergamo,https://www.international-schools-database.com/in/marseille,Marseille
Bergamo,https://www.international-schools-database.com/in/mauritius,Mauritius
Bergamo,https://www.international-schools-database.com/in/medan,Medan
Bergamo,https://www.international-schools-database.com/in/mexico-city,Mexico City
Bergamo,https://www.international-schools-database.com/in/milan,Milan
Bergamo,https://www.international-schools-database.com/in/mombasa,Mombasa
Bergamo,https://www.international-schools-database.com/in/monterrey,Monterrey
Bergamo,https://www.international-schools-database.com/in/munich,Munich
Bergamo,https://www.international-schools-database.com/in/muscat,Muscat
Bergamo,https://www.international-schools-database.com/in/nagoya,Nagoya
Bergamo,https://www.international-schools-database.com/in/nairobi,Nairobi
Bergamo,https://www.international-schools-database.com/in/naples,Naples
Bergamo,https://www.international-schools-database.com/in/new-york-city,New York City
Bergamo,https://www.international-schools-database.com/in/nur-sultan-astana,Nur-Sultan (Astana)
Bergamo,https://www.international-schools-database.com/in/oslo,Oslo
Bergamo,https://www.international-schools-database.com/in/panama-city,Panama City
Bergamo,https://www.international-schools-database.com/in/paris,Paris
Bergamo,https://www.international-schools-database.com/in/pattaya,Pattaya
Bergamo,https://www.international-schools-database.com/in/penang,Penang
Bergamo,https://www.international-schools-database.com/in/phnom-penh,Phnom Penh
Bergamo,https://www.international-schools-database.com/in/phuket,Phuket
Bergamo,https://www.international-schools-database.com/in/prague,Prague
Bergamo,https://www.international-schools-database.com/in/quito,Quito
Bergamo,https://www.international-schools-database.com/in/riga,Riga
Bergamo,https://www.international-schools-database.com/in/rio-de-janeiro,Rio de Janeiro
Bergamo,https://www.international-schools-database.com/in/riyadh,Riyadh
Bergamo,https://www.international-schools-database.com/in/rome,Rome
Bergamo,https://www.international-schools-database.com/in/rotterdam-the-hague,Rotterdam - The Hague
Bergamo,https://www.international-schools-database.com/in/san-francisco-bay-area,San Francisco Bay Area
Bergamo,https://www.international-schools-database.com/in/san-jose-costa-rica,San Jose
Bergamo,https://www.international-schools-database.com/in/santiago-chile,Santiago
Bergamo,https://www.international-schools-database.com/in/santo-domingo,Santo Domingo
Bergamo,https://www.international-schools-database.com/in/sao-paulo,São Paulo
Bergamo,https://www.international-schools-database.com/in/sarajevo,Sarajevo
Bergamo,https://www.international-schools-database.com/in/sarawak,Sarawak
Bergamo,https://www.international-schools-database.com/in/seoul,Seoul
Bergamo,https://www.international-schools-database.com/in/sevilla,Sevilla
Bergamo,https://www.international-schools-database.com/in/shanghai,Shanghai
Bergamo,https://www.international-schools-database.com/in/shenzhen,Shenzhen
Bergamo,https://www.international-schools-database.com/in/singapore,Singapore
Bergamo,https://www.international-schools-database.com/in/sofia,Sofia
Bergamo,https://www.international-schools-database.com/in/stockholm,Stockholm
Bergamo,https://www.international-schools-database.com/in/surabaya,Surabaya
Bergamo,https://www.international-schools-database.com/in/swiss-alps,Swiss Alps
Bergamo,https://www.international-schools-database.com/in/taipei,Taipei
Bergamo,https://www.international-schools-database.com/in/tashkent,Tashkent
Bergamo,https://www.international-schools-database.com/in/tbilisi,Tbilisi
Bergamo,https://www.international-schools-database.com/in/tenerife,Tenerife
Bergamo,https://www.international-schools-database.com/in/tokyo,Tokyo
Bergamo,https://www.international-schools-database.com/in/toronto,Toronto
Bergamo,https://www.international-schools-database.com/in/valencia-spain,Valencia
Bergamo,https://www.international-schools-database.com/in/vienna,Vienna
Bergamo,https://www.international-schools-database.com/in/vigo-pontevedra,Vigo - Pontevedra
Bergamo,https://www.international-schools-database.com/in/vilnius,Vilnius
Bergamo,https://www.international-schools-database.com/in/warsaw,Warsaw
Bergamo,https://www.international-schools-database.com/in/washington-dc-area,Washington D.C. area
Bergamo,https://www.international-schools-database.com/in/wuhan,Wuhan
Bergamo,https://www.international-schools-database.com/in/yangon,Yangon
Bergamo,https://www.international-schools-database.com/in/zagreb-croatia,Zagreb
Bergamo,https://www.international-schools-database.com/in/zurich,Zurich - Zug
